{"cameraMode":{"drawMode":0,"name":"Shaded","section":"Shading Mode"},"sceneLighting":true,"audioPlay":false,"sceneViewState":{"showFog":false,"showMaterialUpdate":true,"showSkybox":true,"showFlares":true,"showImageEffects":true,"showParticleSystems":true},"in2DMode":false,"pivot":{"x":330.87091064453127,"y":-14.860382080078125,"z":456.7483825683594},"rotation":{"x":-0.26933753490448,"y":0.37053704261779787,"z":-0.11303656548261643,"w":-0.8817752599716187},"size":285.82733154296877,"orthographic":false}